,1s,2s,2p,3s,3p,3d,4s,4p,4d,4f,5s,5p,5d,6s,6p,6d,7s
1,0,0,0,0,0,0,0,0,0,0,0,0,0,0,0,0,0
2,0.19,0,0,0,0,0,0,0,0,0,0,0,0,0,0,0,0
3,0.19,1.25,0,0,0,0,0,0,0,0,0,0,0,0,0,0,0
4,0.19,1.5142857142857142,0,0,0,0,0,0,0,0,0,0,0,0,0,0,0
5,0.19,1.7785714285714285,2.5,0,0,0,0,0,0,0,0,0,0,0,0,0,0
6,0.19,2.0428571428571427,2.914,0,0,0,0,0,0,0,0,0,0,0,0,0,0
7,0.19,2.307142857142857,3.3280000000000003,0,0,0,0,0,0,0,0,0,0,0,0,0,0
8,0.19,2.5714285714285716,3.742,0,0,0,0,0,0,0,0,0,0,0,0,0,0
9,0.19,2.8357142857142854,4.156000000000001,0,0,0,0,0,0,0,0,0,0,0,0,0,0
10,0.19,3.1,4.57,0,0,0,0,0,0,0,0,0,0,0,0,0,0
11,0.19,3.1,4.57,6.6,0,0,0,0,0,0,0,0,0,0,0,0,0
12,0.19,3.1,4.57,6.957142857142856,0,0,0,0,0,0,0,0,0,0,0,0,0
13,0.19,3.1,4.57,7.314285714285714,8.7,0,0,0,0,0,0,0,0,0,0,0,0
14,0.19,3.1,4.57,7.671428571428571,9.139999999999999,0,0,0,0,0,0,0,0,0,0,0,0
15,0.19,3.1,4.57,8.028571428571428,9.58,0,0,0,0,0,0,0,0,0,0,0,0
16,0.19,3.1,4.57,8.385714285714286,10.02,0,0,0,0,0,0,0,0,0,0,0,0
17,0.19,3.1,4.57,8.742857142857142,10.46,0,0,0,0,0,0,0,0,0,0,0,0
18,0.19,3.1,4.57,9.1,10.9,0,0,0,0,0,0,0,0,0,0,0,0
19,0.19,3.1,4.57,9.1,10.9,0,13.4,0,0,0,0,0,0,0,0,0,0
20,0.19,3.1,4.57,9.1,10.9,0,13.9,0,0,0,0,0,0,0,0,0,0
21,0.19,3.1,4.57,9.28,11.13,14.7,14.66,0,0,0,0,0,0,0,0,0,0
22,0.19,3.1,4.57,9.459999999999999,11.36,15.033333333333333,15.42,0,0,0,0,0,0,0,0,0,0
23,0.19,3.1,4.57,9.64,11.59,15.366666666666665,16.18,0,0,0,0,0,0,0,0,0,0
24,0.19,3.1,4.57,9.82,11.82,15.7,16.94,0,0,0,0,0,0,0,0,0,0
25,0.19,3.1,4.57,10,12.05,16.03333333333333,17.7,0,0,0,0,0,0,0,0,0,0
26,0.19,3.1,4.57,10.18,12.28,16.366666666666667,18.46,0,0,0,0,0,0,0,0,0,0
27,0.19,3.1,4.57,10.36,12.51,16.7,19.22,0,0,0,0,0,0,0,0,0,0
28,0.19,3.1,4.57,10.540000000000001,12.74,17.03333333333333,19.98,0,0,0,0,0,0,0,0,0,0
29,0.19,3.1,4.57,10.72,12.969999999999999,17.366666666666667,20.740000000000002,0,0,0,0,0,0,0,0,0,0
30,0.19,3.1,4.57,10.9,13.2,17.7,21.5,0,0,0,0,0,0,0,0,0,0
31,0.19,3.1,4.57,10.9,13.2,17.7,21.95,24.4,0,0,0,0,0,0,0,0,0
32,0.19,3.1,4.57,10.9,13.2,17.7,22.4,24.84,0,0,0,0,0,0,0,0,0
33,0.19,3.1,4.57,10.9,13.2,17.7,22.85,25.28,0,0,0,0,0,0,0,0,0
34,0.19,3.1,4.57,10.9,13.2,17.7,23.3,25.72,0,0,0,0,0,0,0,0,0
35,0.19,3.1,4.57,10.9,13.2,17.7,23.75,26.16,0,0,0,0,0,0,0,0,0
36,0.19,3.1,4.57,10.9,13.2,17.7,24.2,26.6,0,0,0,0,0,0,0,0,0
37,0.19,3.1,4.57,10.9,13.2,17.7,24.2,26.6,0,0,30.4,0,0,0,0,0,0
38,0.19,3.1,4.57,10.9,13.2,17.7,24.2,26.6,0,0,30.8,0,0,0,0,0,0
39,0.19,3.1,4.57,10.9,13.2,17.7,24.34,26.78,31.8,0,31.3,0,0,0,0,0,0
40,0.19,3.1,4.57,10.9,13.2,17.7,24.48,26.96,32.044444444444444,0,31.933333333333334,0,0,0,0,0,0
41,0.19,3.1,4.57,10.9,13.2,17.7,24.62,27.14,32.28888888888889,0,32.56666666666667,0,0,0,0,0,0
42,0.19,3.1,4.57,10.9,13.2,17.7,24.76,27.32,32.53333333333333,0,33.2,0,0,0,0,0,0
43,0.19,3.1,4.57,10.9,13.2,17.7,24.9,27.5,32.77777777777778,0,33.833333333333336,0,0,0,0,0,0
44,0.19,3.1,4.57,10.9,13.2,17.7,25.04,27.68,33.022222222222226,0,34.46666666666667,0,0,0,0,0,0
45,0.19,3.1,4.57,10.9,13.2,17.7,25.18,27.86,33.266666666666666,0,35.1,0,0,0,0,0,0
46,0.19,3.1,4.57,10.9,13.2,17.7,25.32,28.04,33.51111111111111,0,35.733333333333334,0,0,0,0,0,0
47,0.19,3.1,4.57,10.9,13.2,17.7,25.46,28.22,33.75555555555555,0,36.36666666666667,0,0,0,0,0,0
48,0.19,3.1,4.57,10.9,13.2,17.7,25.6,28.4,34,0,37,0,0,0,0,0,0
49,0.19,3.1,4.57,10.9,13.2,17.7,25.6,28.4,34,0,37.3,39.4,0,0,0,0,0
50,0.19,3.1,4.57,10.9,13.2,17.7,25.6,28.4,34,0,37.6,39.879999999999995,0,0,0,0,0
51,0.19,3.1,4.57,10.9,13.2,17.7,25.6,28.4,34,0,37.9,40.36,0,0,0,0,0
52,0.19,3.1,4.57,10.9,13.2,17.7,25.6,28.4,34,0,38.199999999999996,40.839999999999996,0,0,0,0,0
53,0.19,3.1,4.57,10.9,13.2,17.7,25.6,28.4,34,0,38.5,41.32,0,0,0,0,0
54,0.19,3.1,4.57,10.9,13.2,17.7,25.6,28.4,34,0,38.8,41.8,0,0,0,0,0
55,0.19,3.1,4.57,10.9,13.2,17.7,25.6,28.4,34,0,38.8,41.8,0,47,0,0,0
56,0.19,3.1,4.57,10.9,13.2,17.7,25.6,28.4,34,0,38.8,41.8,0,47.4,0,0,0
57,0.19,3.1,4.57,10.9,13.2,17.7,25.6,28.4,34,0,39.4,42.44,0,48.373333333333335,0,0,0
58,0.19,3.1,4.57,10.9,13.2,17.7,25.871428571428574,28.71428571428571,34.4,43,40,43.08,0,49.346666666666664,0,0,0
59,0.19,3.1,4.57,10.9,13.2,17.7,26.142857142857142,29.02857142857143,34.8,43.52307692307692,40.599999999999994,43.72,0,50.32,0,0,0
60,0.19,3.1,4.57,10.9,13.2,17.7,26.414285714285715,29.34285714285714,35.2,44.04615384615384,41.199999999999996,44.36,0,51.29333333333333,0,0,0
61,0.19,3.1,4.57,10.9,13.2,17.7,26.685714285714287,29.657142857142855,35.6,44.56923076923077,41.8,45,0,52.266666666666666,0,0,0
62,0.19,3.1,4.57,10.9,13.2,17.7,26.95714285714286,29.971428571428568,36,45.09230769230769,42.4,45.64,0,53.24,0,0,0
63,0.19,3.1,4.57,10.9,13.2,17.7,27.228571428571428,30.285714285714285,36.4,45.61538461538461,43,46.28,0,54.21333333333333,0,0,0
64,0.19,3.1,4.57,10.9,13.2,17.7,27.5,30.599999999999998,36.8,46.138461538461534,43.599999999999994,46.92,0,55.18666666666667,0,0,0
65,0.19,3.1,4.57,10.9,13.2,17.7,27.771428571428572,30.91428571428571,37.2,46.66153846153846,44.199999999999996,47.559999999999995,0,56.16,0,0,0
66,0.19,3.1,4.57,10.9,13.2,17.7,28.042857142857144,31.228571428571428,37.6,47.184615384615384,44.8,48.199999999999996,0,57.13333333333333,0,0,0
67,0.19,3.1,4.57,10.9,13.2,17.7,28.314285714285713,31.54285714285714,38,47.707692307692305,45.4,48.839999999999996,0,58.10666666666667,0,0,0
68,0.19,3.1,4.57,10.9,13.2,17.7,28.585714285714285,31.857142857142854,38.4,48.230769230769226,46,49.48,0,59.08,0,0,0
69,0.19,3.1,4.57,10.9,13.2,17.7,28.857142857142854,32.17142857142857,38.8,48.753846153846155,46.599999999999994,50.12,0,60.053333333333335,0,0,0
70,0.19,3.1,4.57,10.9,13.2,17.7,29.128571428571426,32.48571428571428,39.2,49.276923076923076,47.199999999999996,50.76,0,61.02666666666667,0,0,0
71,0.19,3.1,4.57,10.9,13.2,17.7,29.4,32.8,39.6,49.8,47.8,51.4,59,62,0,0,0
72,0.19,3.1,4.57,10.9,13.2,17.7,29.4,32.8,39.6,49.8,48.044444444444444,51.68888888888889,59.333333333333336,62.44444444444444,0,0,0
73,0.19,3.1,4.57,10.9,13.2,17.7,29.4,32.8,39.6,49.8,48.288888888888884,51.977777777777774,59.666666666666664,62.888888888888886,0,0,0
74,0.19,3.1,4.57,10.9,13.2,17.7,29.4,32.8,39.6,49.8,48.53333333333333,52.266666666666666,60,63.333333333333336,0,0,0
75,0.19,3.1,4.57,10.9,13.2,17.7,29.4,32.8,39.6,49.8,48.77777777777778,52.55555555555556,60.333333333333336,63.77777777777778,0,0,0
76,0.19,3.1,4.57,10.9,13.2,17.7,29.4,32.8,39.6,49.8,49.02222222222222,52.84444444444444,60.666666666666664,64.22222222222223,0,0,0
77,0.19,3.1,4.57,10.9,13.2,17.7,29.4,32.8,39.6,49.8,49.266666666666666,53.13333333333333,61,64.66666666666667,0,0,0
78,0.19,3.1,4.57,10.9,13.2,17.7,29.4,32.8,39.6,49.8,49.51111111111111,53.422222222222224,61.333333333333336,65.11111111111111,0,0,0
79,0.19,3.1,4.57,10.9,13.2,17.7,29.4,32.8,39.6,49.8,49.75555555555555,53.71111111111111,61.666666666666664,65.55555555555556,0,0,0
80,0.19,3.1,4.57,10.9,13.2,17.7,29.4,32.8,39.6,49.8,50,54,62,66,0,0,0
81,0.19,3.1,4.57,10.9,13.2,17.7,29.4,32.8,39.6,49.8,50,54,62,66.16666666666667,71,0,0
82,0.19,3.1,4.57,10.9,13.2,17.7,29.4,32.8,39.6,49.8,50,54,62,66.33333333333333,71.2,0,0
83,0.19,3.1,4.57,10.9,13.2,17.7,29.4,32.8,39.6,49.8,50,54,62,66.5,71.4,0,0
84,0.19,3.1,4.57,10.9,13.2,17.7,29.4,32.8,39.6,49.8,50,54,62,66.66666666666667,71.6,0,0
85,0.19,3.1,4.57,10.9,13.2,17.7,29.4,32.8,39.6,49.8,50,54,62,66.83333333333333,71.8,0,0
86,0.19,3.1,4.57,10.9,13.2,17.7,29.4,32.8,39.6,49.8,50,54,62,67,72,0,0
87,0.19,3.1,4.57,10.9,13.2,17.7,29.4,32.8,39.6,49.8,50,54,62,67.16666666666667,72.16666666666667,0,80
88,0.19,3.1,4.57,10.9,13.2,17.7,29.4,32.8,39.6,49.8,50,54,62,67.33333333333333,72.33333333333333,0,80.48
89,0.19,3.1,4.57,10.9,13.2,17.7,29.4,32.8,39.6,49.8,50,54,62,67.5,72.5,81,80.96000000000001
90,0.19,3.1,4.57,10.9,13.2,17.7,29.4,32.8,39.6,49.8,50,54,62,67.66666666666667,72.66666666666667,81.33333333333333,81.44
91,0.19,3.1,4.57,10.9,13.2,17.7,29.4,32.8,39.6,49.8,50,54,62,67.83333333333333,72.83333333333333,81.66666666666667,81.92
92,0.19,3.1,4.57,10.9,13.2,17.7,29.4,32.8,39.6,49.8,50,54,62,68,73,82,82.4